percentage,all_data_col_shapes,all_data_col_trends,train_data_col_shapes,train_data_col_trends,test_data_col_shapes,test_data_col_trends
10,0.7831147672552167,0.8726479185750763,0.7177226890756303,0.8730515119269406,0.7828110026619344,0.8691434130616196
20,0.8028330658105939,0.8827576026895613,0.7741020408163264,0.8819933318522335,0.7961488511488513,0.8784501539041328
30,0.8110112359550562,0.8889779383040017,0.7927924528301887,0.8893951595481574,0.8006428571428571,0.8844447561317985
40,0.7890168539325843,0.8947706600227314,0.7798189134808853,0.9106265977128982,0.7749452603471294,0.8806636118636018
50,0.8352704654895667,0.9007923036777584,0.818145264847512,0.9004333522126858,0.8222255216693419,0.8862136002259843
60,0.8010939004815408,0.913750209315801,0.7885997304582212,0.9163541344851234,0.7882142857142856,0.8921093557257421
70,0.8019542536115569,0.9189009497500197,0.7943732718894009,0.9167172898071281,0.7730820105820106,0.895584585546021
80,0.7976500802568218,0.9032455054465786,0.7918601609657949,0.9050594208655658,0.7830238095238095,0.8723135127167247
90,0.8092367576243982,0.9165457595147994,0.8082857142857144,0.9194662521323858,0.7108492063492063,0.8464722882517296
