percentage,all_data_col_shapes,all_data_col_trends,train_data_col_shapes,train_data_col_trends,test_data_col_shapes,test_data_col_trends
10,0.7643250184250807,0.8273639763394588,0.7270783410138248,0.8244779033170775,0.7638646796201974,0.8273182344066665
20,0.714720108849708,0.8341607631820296,0.7027093919497572,0.8259672925227334,0.713552348613469,0.8344284144447063
30,0.7162983729236352,0.8260046741508223,0.7154326375711576,0.8203057957865102,0.7103025305198479,0.8275236445413844
40,0.7390659334429391,0.8384085947098344,0.7322769646156032,0.8287316829030035,0.7372020373514431,0.8426342549942911
50,0.7593330687680708,0.8361895723165143,0.7468509768287143,0.8324527367266937,0.7638228636106394,0.8366912151799972
60,0.7736761154260445,0.833612167871456,0.7685356163087692,0.8276124637774399,0.7710888511601586,0.8410707796417233
70,0.7524426554793354,0.8074682508080459,0.7468678878262279,0.8048043736778687,0.7495248066402567,0.8073798260457173
80,0.7635050172912299,0.8129710381635192,0.7624097837646224,0.8106011646830087,0.7491148839841538,0.8089079405262821
90,0.7580795963489992,0.8235006665416496,0.7559269153225806,0.8234706193051436,0.7408528579513299,0.8102531897196834
